<?xml version="1.0" encoding="UTF-8"?>
<!-- IMPORTANT: This is an internal file that has been generated
     by the Xilinx ISE software.  Any direct editing or
     changes made to this file may result in unpredictable
     behavior or data corruption.  It is strongly advised that
     users do not edit the contents of this file. -->
<DeviceUsageSummary rev="2">
<DesignStatistics TimeStamp="Wed Apr 27 09:16:24 2011"><group name="NetStatistics">
<item name="NumNets_Active" rev="2">
<attrib name="value" value="1015"/></item>
<item name="NumNets_Gnd" rev="2">
<attrib name="value" value="2"/></item>
<item name="NumNets_Vcc" rev="2">
<attrib name="value" value="2"/></item>
<item name="NumNodesOfType_Active_BRAMADDR" rev="2">
<attrib name="value" value="46"/></item>
<item name="NumNodesOfType_Active_BRAMDUMMY" rev="2">
<attrib name="value" value="62"/></item>
<item name="NumNodesOfType_Active_CLKPIN" rev="2">
<attrib name="value" value="390"/></item>
<item name="NumNodesOfType_Active_CNTRLPIN" rev="2">
<attrib name="value" value="405"/></item>
<item name="NumNodesOfType_Active_DOUBLE" rev="2">
<attrib name="value" value="2184"/></item>
<item name="NumNodesOfType_Active_DUMMY" rev="2">
<attrib name="value" value="1372"/></item>
<item name="NumNodesOfType_Active_DUMMYBANK" rev="2">
<attrib name="value" value="46"/></item>
<item name="NumNodesOfType_Active_DUMMYESC" rev="2">
<attrib name="value" value="32"/></item>
<item name="NumNodesOfType_Active_GLOBAL" rev="2">
<attrib name="value" value="172"/></item>
<item name="NumNodesOfType_Active_HFULLHEX" rev="2">
<attrib name="value" value="30"/></item>
<item name="NumNodesOfType_Active_HLONG" rev="2">
<attrib name="value" value="3"/></item>
<item name="NumNodesOfType_Active_HUNIHEX" rev="2">
<attrib name="value" value="142"/></item>
<item name="NumNodesOfType_Active_INPUT" rev="2">
<attrib name="value" value="2128"/></item>
<item name="NumNodesOfType_Active_IOBOUTPUT" rev="2">
<attrib name="value" value="31"/></item>
<item name="NumNodesOfType_Active_OMUX" rev="2">
<attrib name="value" value="1019"/></item>
<item name="NumNodesOfType_Active_OUTPUT" rev="2">
<attrib name="value" value="948"/></item>
<item name="NumNodesOfType_Active_PREBXBY" rev="2">
<attrib name="value" value="990"/></item>
<item name="NumNodesOfType_Active_VFULLHEX" rev="2">
<attrib name="value" value="89"/></item>
<item name="NumNodesOfType_Active_VLONG" rev="2">
<attrib name="value" value="17"/></item>
<item name="NumNodesOfType_Active_VUNIHEX" rev="2">
<attrib name="value" value="169"/></item>
<item name="NumNodesOfType_Vcc_BRAMDUMMY" rev="2">
<attrib name="value" value="2"/></item>
<item name="NumNodesOfType_Vcc_CLKPIN" rev="2">
<attrib name="value" value="1"/></item>
<item name="NumNodesOfType_Vcc_CNTRLPIN" rev="2">
<attrib name="value" value="29"/></item>
<item name="NumNodesOfType_Vcc_DUMMY" rev="2">
<attrib name="value" value="204"/></item>
<item name="NumNodesOfType_Vcc_DUMMYBANK" rev="2">
<attrib name="value" value="3"/></item>
<item name="NumNodesOfType_Vcc_INPUT" rev="2">
<attrib name="value" value="226"/></item>
<item name="NumNodesOfType_Vcc_PREBXBY" rev="2">
<attrib name="value" value="20"/></item>
<item name="NumNodesOfType_Vcc_VCCOUT" rev="2">
<attrib name="value" value="52"/></item>
</group>
<group name="MiscellaneousStatistics">
<item name="AGG_BONDED_IO" rev="1">
<attrib name="value" value="37"/></item>
<item name="AGG_IO" rev="1">
<attrib name="value" value="37"/></item>
<item name="AGG_SLICE" rev="1">
<attrib name="value" value="523"/></item>
<item name="NUM_4_INPUT_LUT" rev="1">
<attrib name="value" value="527"/></item>
<item name="NUM_BONDED_IBUF" rev="1">
<attrib name="value" value="15"/></item>
<item name="NUM_BONDED_IOB" rev="1">
<attrib name="value" value="22"/></item>
<item name="NUM_BSCAN" rev="1">
<attrib name="value" value="1"/></item>
<item name="NUM_BUFGMUX" rev="1">
<attrib name="value" value="2"/></item>
<item name="NUM_CARRY_SKIP" rev="1">
<attrib name="value" value="3"/></item>
<item name="NUM_CYMUX" rev="1">
<attrib name="value" value="86"/></item>
<item name="NUM_DCM" rev="1">
<attrib name="value" value="1"/></item>
<item name="NUM_LUT_RT" rev="1">
<attrib name="value" value="55"/></item>
<item name="NUM_RAMB16BWE" rev="1">
<attrib name="value" value="2"/></item>
<item name="NUM_RPM" rev="1">
<attrib name="value" value="17"/></item>
<item name="NUM_SHIFT" rev="1">
<attrib name="value" value="138"/></item>
<item name="NUM_SLICEL" rev="1">
<attrib name="value" value="432"/></item>
<item name="NUM_SLICEM" rev="1">
<attrib name="value" value="91"/></item>
<item name="NUM_SLICE_FF" rev="1">
<attrib name="value" value="555"/></item>
<item name="NUM_SLICE_LATCH" rev="1">
<attrib name="value" value="1"/></item>
<item name="NUM_XOR" rev="1">
<attrib name="value" value="61"/></item>
<item name="Xilinx Core chipscope_icon_v1_04_a, Xilinx CORE Generator 12.1" rev="1">
<attrib name="value" value="1"/></item>
<item name="Xilinx Core chipscope_ila_v1_03_a, Xilinx CORE Generator 12.1" rev="1">
<attrib name="value" value="1"/></item>
</group>
<group name="SiteStatistics">
<item name="IBUF-DIFFMLR" rev="2">
<attrib name="value" value="2"/></item>
<item name="IBUF-DIFFMTB" rev="2">
<attrib name="value" value="4"/></item>
<item name="IBUF-DIFFSLR" rev="2">
<attrib name="value" value="2"/></item>
<item name="IBUF-DIFFSTB" rev="2">
<attrib name="value" value="7"/></item>
<item name="IOB-DIFFMLR" rev="2">
<attrib name="value" value="1"/></item>
<item name="IOB-DIFFMTB" rev="2">
<attrib name="value" value="9"/></item>
<item name="IOB-DIFFSLR" rev="2">
<attrib name="value" value="2"/></item>
<item name="IOB-DIFFSTB" rev="2">
<attrib name="value" value="10"/></item>
<item name="SLICEL-SLICEM" rev="2">
<attrib name="value" value="189"/></item>
</group>
</DesignStatistics>
<DeviceUsage TimeStamp="Wed Apr 27 09:16:24 2011"><group name="SiteSummary">
<item name="BSCAN" rev="2">
<attrib name="total" value="1000000"/><attrib name="used" value="1"/></item>
<item name="BSCAN_BSCAN_BLACKBOX" rev="2">
<attrib name="total" value="1000000"/><attrib name="used" value="1"/></item>
<item name="BUFGMUX" rev="2">
<attrib name="total" value="1000000"/><attrib name="used" value="2"/></item>
<item name="BUFGMUX_GCLKMUX" rev="2">
<attrib name="total" value="1000000"/><attrib name="used" value="2"/></item>
<item name="BUFGMUX_GCLK_BUFFER" rev="2">
<attrib name="total" value="1000000"/><attrib name="used" value="2"/></item>
<item name="DCM" rev="2">
<attrib name="total" value="1000000"/><attrib name="used" value="1"/></item>
<item name="DCM_DCM" rev="2">
<attrib name="total" value="1000000"/><attrib name="used" value="1"/></item>
<item name="IBUF" rev="2">
<attrib name="total" value="1000000"/><attrib name="used" value="15"/></item>
<item name="IBUF_DELAY_ADJ_BBOX" rev="2">
<attrib name="total" value="1000000"/><attrib name="used" value="15"/></item>
<item name="IBUF_INBUF" rev="2">
<attrib name="total" value="1000000"/><attrib name="used" value="15"/></item>
<item name="IBUF_PAD" rev="2">
<attrib name="total" value="1000000"/><attrib name="used" value="15"/></item>
<item name="IOB" rev="2">
<attrib name="total" value="1000000"/><attrib name="used" value="22"/></item>
<item name="IOB_DELAY_ADJ_BBOX" rev="2">
<attrib name="total" value="1000000"/><attrib name="used" value="16"/></item>
<item name="IOB_INBUF" rev="2">
<attrib name="total" value="1000000"/><attrib name="used" value="16"/></item>
<item name="IOB_OUTBUF" rev="2">
<attrib name="total" value="1000000"/><attrib name="used" value="22"/></item>
<item name="IOB_PAD" rev="2">
<attrib name="total" value="1000000"/><attrib name="used" value="22"/></item>
<item name="RAMB16BWE" rev="2">
<attrib name="total" value="1000000"/><attrib name="used" value="2"/></item>
<item name="RAMB16BWE_RAMB16BWE" rev="2">
<attrib name="total" value="1000000"/><attrib name="used" value="2"/></item>
<item name="SLICEL" rev="2">
<attrib name="total" value="1000000"/><attrib name="used" value="432"/></item>
<item name="SLICEL_C1VDD" rev="2">
<attrib name="total" value="1000000"/><attrib name="used" value="1"/></item>
<item name="SLICEL_CYMUXF" rev="2">
<attrib name="total" value="1000000"/><attrib name="used" value="32"/></item>
<item name="SLICEL_CYMUXG" rev="2">
<attrib name="total" value="1000000"/><attrib name="used" value="27"/></item>
<item name="SLICEL_F" rev="2">
<attrib name="total" value="1000000"/><attrib name="used" value="189"/></item>
<item name="SLICEL_F5MUX" rev="2">
<attrib name="total" value="1000000"/><attrib name="used" value="46"/></item>
<item name="SLICEL_F6MUX" rev="2">
<attrib name="total" value="1000000"/><attrib name="used" value="4"/></item>
<item name="SLICEL_FFX" rev="2">
<attrib name="total" value="1000000"/><attrib name="used" value="234"/></item>
<item name="SLICEL_FFY" rev="2">
<attrib name="total" value="1000000"/><attrib name="used" value="263"/></item>
<item name="SLICEL_G" rev="2">
<attrib name="total" value="1000000"/><attrib name="used" value="194"/></item>
<item name="SLICEL_GNDF" rev="2">
<attrib name="total" value="1000000"/><attrib name="used" value="31"/></item>
<item name="SLICEL_GNDG" rev="2">
<attrib name="total" value="1000000"/><attrib name="used" value="27"/></item>
<item name="SLICEL_XORF" rev="2">
<attrib name="total" value="1000000"/><attrib name="used" value="29"/></item>
<item name="SLICEL_XORG" rev="2">
<attrib name="total" value="1000000"/><attrib name="used" value="27"/></item>
<item name="SLICEM" rev="2">
<attrib name="total" value="1000000"/><attrib name="used" value="91"/></item>
<item name="SLICEM_CYMUXF" rev="2">
<attrib name="total" value="1000000"/><attrib name="used" value="15"/></item>
<item name="SLICEM_CYMUXG" rev="2">
<attrib name="total" value="1000000"/><attrib name="used" value="12"/></item>
<item name="SLICEM_F" rev="2">
<attrib name="total" value="1000000"/><attrib name="used" value="62"/></item>
<item name="SLICEM_F5MUX" rev="2">
<attrib name="total" value="1000000"/><attrib name="used" value="17"/></item>
<item name="SLICEM_F6MUX" rev="2">
<attrib name="total" value="1000000"/><attrib name="used" value="6"/></item>
<item name="SLICEM_FFX" rev="2">
<attrib name="total" value="1000000"/><attrib name="used" value="29"/></item>
<item name="SLICEM_FFY" rev="2">
<attrib name="total" value="1000000"/><attrib name="used" value="30"/></item>
<item name="SLICEM_FMC15_BLACKBOX" rev="2">
<attrib name="total" value="1000000"/><attrib name="used" value="26"/></item>
<item name="SLICEM_G" rev="2">
<attrib name="total" value="1000000"/><attrib name="used" value="82"/></item>
<item name="SLICEM_GMC15_BLACKBOX" rev="2">
<attrib name="total" value="1000000"/><attrib name="used" value="53"/></item>
<item name="SLICEM_GNDF" rev="2">
<attrib name="total" value="1000000"/><attrib name="used" value="15"/></item>
<item name="SLICEM_GNDG" rev="2">
<attrib name="total" value="1000000"/><attrib name="used" value="9"/></item>
<item name="SLICEM_VDDG" rev="2">
<attrib name="total" value="1000000"/><attrib name="used" value="3"/></item>
<item name="SLICEM_WSGEN" rev="2">
<attrib name="total" value="1000000"/><attrib name="used" value="81"/></item>
<item name="SLICEM_XORF" rev="2">
<attrib name="total" value="1000000"/><attrib name="used" value="5"/></item>
<item name="SLICEM_YBUSED" rev="2">
<attrib name="total" value="1000000"/><attrib name="used" value="21"/></item>
</group>
</DeviceUsage>
<ReportConfigData TimeStamp="Wed Apr 27 09:16:24 2011"><group name="SLICEM_CYMUXF">
<item name="0" rev="2">
<attrib name="0" value="15"/><attrib name="0_INV" value="0"/></item>
<item name="1" rev="2">
<attrib name="1_INV" value="0"/><attrib name="1" value="15"/></item>
</group>
<group name="SLICEM_CYMUXG">
<item name="0" rev="2">
<attrib name="0" value="9"/><attrib name="0_INV" value="0"/></item>
</group>
<group name="IBUF_PAD">
<item name="IOATTRBOX" rev="2">
<attrib name="LVCMOS33" value="15"/></item>
<item name="PULL" rev="2">
<attrib name="PULLUP" value="1"/><attrib name="PULLDOWN" value="2"/></item>
</group>
<group name="SLICEM_F">
<item name="DI" rev="2">
<attrib name="DI" value="57"/><attrib name="DI_INV" value="0"/></item>
<item name="F_ATTR" rev="2">
<attrib name="SHIFT_REG" value="57"/></item>
<item name="LUT_OR_MEM" rev="2">
<attrib name="LUT" value="5"/><attrib name="RAM" value="57"/></item>
</group>
<group name="RAMB16BWE_RAMB16BWE">
<item name="CLKA" rev="2">
<attrib name="CLKA_INV" value="0"/><attrib name="CLKA" value="2"/></item>
<item name="CLKB" rev="2">
<attrib name="CLKB_INV" value="0"/><attrib name="CLKB" value="2"/></item>
<item name="DATA_WIDTH_A" rev="2">
<attrib name="1" value="2"/></item>
<item name="DATA_WIDTH_B" rev="2">
<attrib name="36" value="2"/></item>
<item name="ENA" rev="2">
<attrib name="ENA_INV" value="0"/><attrib name="ENA" value="2"/></item>
<item name="ENB" rev="2">
<attrib name="ENB_INV" value="0"/><attrib name="ENB" value="2"/></item>
<item name="SSRA" rev="2">
<attrib name="SSRA_INV" value="0"/><attrib name="SSRA" value="2"/></item>
<item name="SSRB" rev="2">
<attrib name="SSRB_INV" value="0"/><attrib name="SSRB" value="2"/></item>
<item name="WEA0" rev="2">
<attrib name="WEA0" value="2"/><attrib name="WEA0_INV" value="0"/></item>
<item name="WEA1" rev="2">
<attrib name="WEA1" value="2"/><attrib name="WEA1_INV" value="0"/></item>
<item name="WEA2" rev="2">
<attrib name="WEA2" value="2"/><attrib name="WEA2_INV" value="0"/></item>
<item name="WEA3" rev="2">
<attrib name="WEA3_INV" value="0"/><attrib name="WEA3" value="2"/></item>
<item name="WEB0" rev="2">
<attrib name="WEB0" value="2"/><attrib name="WEB0_INV" value="0"/></item>
<item name="WEB1" rev="2">
<attrib name="WEB1" value="2"/><attrib name="WEB1_INV" value="0"/></item>
<item name="WEB2" rev="2">
<attrib name="WEB2_INV" value="0"/><attrib name="WEB2" value="2"/></item>
<item name="WEB3" rev="2">
<attrib name="WEB3" value="2"/><attrib name="WEB3_INV" value="0"/></item>
<item name="WRITE_MODE_A" rev="2">
<attrib name="WRITE_FIRST" value="2"/></item>
<item name="WRITE_MODE_B" rev="2">
<attrib name="WRITE_FIRST" value="2"/></item>
</group>
<group name="SLICEM_G">
<item name="DI" rev="2">
<attrib name="DI" value="81"/><attrib name="DI_INV" value="0"/></item>
<item name="G_ATTR" rev="2">
<attrib name="SHIFT_REG" value="81"/></item>
<item name="LUT_OR_MEM" rev="2">
<attrib name="LUT" value="1"/><attrib name="RAM" value="81"/></item>
</group>
<group name="SLICEL">
<item name="BX" rev="2">
<attrib name="BX_INV" value="0"/><attrib name="BX" value="231"/></item>
<item name="BY" rev="2">
<attrib name="BY" value="228"/><attrib name="BY_INV" value="2"/></item>
<item name="CE" rev="2">
<attrib name="CE" value="128"/><attrib name="CE_INV" value="2"/></item>
<item name="CIN" rev="2">
<attrib name="CIN_INV" value="0"/><attrib name="CIN" value="27"/></item>
<item name="CLK" rev="2">
<attrib name="CLK" value="292"/><attrib name="CLK_INV" value="1"/></item>
<item name="SR" rev="2">
<attrib name="SR" value="168"/><attrib name="SR_INV" value="22"/></item>
</group>
<group name="SLICEM_WSGEN">
<item name="CK" rev="2">
<attrib name="CK" value="81"/><attrib name="CK_INV" value="0"/></item>
<item name="SYNC_ATTR" rev="2">
<attrib name="ASYNC" value="25"/></item>
<item name="WE" rev="2">
<attrib name="WE_INV" value="0"/><attrib name="WE" value="81"/></item>
</group>
<group name="SLICEM">
<item name="BX" rev="2">
<attrib name="BX_INV" value="0"/><attrib name="BX" value="51"/></item>
<item name="BY" rev="2">
<attrib name="BY" value="78"/><attrib name="BY_INV" value="0"/></item>
<item name="CE" rev="2">
<attrib name="CE" value="3"/><attrib name="CE_INV" value="0"/></item>
<item name="CIN" rev="2">
<attrib name="CIN_INV" value="0"/><attrib name="CIN" value="11"/></item>
<item name="CLK" rev="2">
<attrib name="CLK" value="91"/><attrib name="CLK_INV" value="0"/></item>
<item name="SHIFTIN" rev="2">
<attrib name="SHIFTIN_INV" value="0"/><attrib name="SHIFTIN" value="13"/></item>
<item name="SR" rev="2">
<attrib name="SR" value="90"/><attrib name="SR_INV" value="0"/></item>
</group>
<group name="IOB_OUTBUF">
<item name="IN" rev="2">
<attrib name="IN_INV" value="0"/><attrib name="IN" value="22"/></item>
<item name="SUSPEND" rev="2">
<attrib name="3STATE" value="22"/></item>
<item name="TRI" rev="2">
<attrib name="TRI_INV" value="0"/><attrib name="TRI" value="16"/></item>
</group>
<group name="SLICEL_CYMUXF">
<item name="0" rev="2">
<attrib name="0" value="32"/><attrib name="0_INV" value="0"/></item>
<item name="1" rev="2">
<attrib name="1_INV" value="0"/><attrib name="1" value="32"/></item>
</group>
<group name="SLICEL_CYMUXG">
<item name="0" rev="2">
<attrib name="0" value="27"/><attrib name="0_INV" value="0"/></item>
</group>
<group name="BUFGMUX_GCLKMUX">
<item name="DISABLE_ATTR" rev="2">
<attrib name="LOW" value="2"/></item>
<item name="S" rev="2">
<attrib name="S_INV" value="2"/><attrib name="S" value="0"/></item>
</group>
<group name="IBUF_DELAY_ADJ_BBOX">
<item name="DELAY_ADJ_ATTRBOX" rev="2">
<attrib name="FIXED" value="15"/></item>
<item name="IBUF_DELAY_VALUE" rev="2">
<attrib name="DLY0" value="15"/></item>
<item name="IFD_DELAY_VALUE" rev="2">
<attrib name="DLY0" value="15"/></item>
<item name="SEL_IN" rev="2">
<attrib name="SEL_IN" value="15"/><attrib name="SEL_IN_INV" value="0"/></item>
</group>
<group name="SLICEL_FFX">
<item name="CE" rev="2">
<attrib name="CE" value="116"/><attrib name="CE_INV" value="2"/></item>
<item name="CK" rev="2">
<attrib name="CK" value="234"/><attrib name="CK_INV" value="0"/></item>
<item name="D" rev="2">
<attrib name="D" value="234"/><attrib name="D_INV" value="0"/></item>
<item name="FFX_INIT_ATTR" rev="2">
<attrib name="INIT0" value="173"/><attrib name="INIT1" value="61"/></item>
<item name="FFX_SR_ATTR" rev="2">
<attrib name="SRLOW" value="197"/><attrib name="SRHIGH" value="37"/></item>
<item name="LATCH_OR_FF" rev="2">
<attrib name="FF" value="234"/></item>
<item name="REV" rev="2">
<attrib name="REV_INV" value="0"/><attrib name="REV" value="6"/></item>
<item name="SR" rev="2">
<attrib name="SR" value="129"/><attrib name="SR_INV" value="16"/></item>
<item name="SYNC_ATTR" rev="2">
<attrib name="ASYNC" value="122"/><attrib name="SYNC" value="112"/></item>
</group>
<group name="SLICEL_XORF">
<item name="1" rev="2">
<attrib name="1_INV" value="0"/><attrib name="1" value="29"/></item>
</group>
<group name="SLICEL_FFY">
<item name="CE" rev="2">
<attrib name="CE" value="110"/><attrib name="CE_INV" value="0"/></item>
<item name="CK" rev="2">
<attrib name="CK" value="262"/><attrib name="CK_INV" value="1"/></item>
<item name="D" rev="2">
<attrib name="D" value="261"/><attrib name="D_INV" value="2"/></item>
<item name="FFY_INIT_ATTR" rev="2">
<attrib name="INIT0" value="197"/><attrib name="INIT1" value="66"/></item>
<item name="FFY_SR_ATTR" rev="2">
<attrib name="SRLOW" value="223"/><attrib name="SRHIGH" value="40"/></item>
<item name="LATCH_OR_FF" rev="2">
<attrib name="FF" value="262"/><attrib name="LATCH" value="1"/></item>
<item name="SR" rev="2">
<attrib name="SR" value="140"/><attrib name="SR_INV" value="22"/></item>
<item name="SYNC_ATTR" rev="2">
<attrib name="ASYNC" value="150"/><attrib name="SYNC" value="113"/></item>
</group>
<group name="SLICEM_F6MUX">
<item name="S0" rev="2">
<attrib name="S0" value="6"/><attrib name="S0_INV" value="0"/></item>
</group>
<group name="IOB_DELAY_ADJ_BBOX">
<item name="DELAY_ADJ_ATTRBOX" rev="2">
<attrib name="FIXED" value="16"/></item>
<item name="IBUF_DELAY_VALUE" rev="2">
<attrib name="DLY0" value="16"/></item>
<item name="IFD_DELAY_VALUE" rev="2">
<attrib name="DLY0" value="16"/></item>
<item name="SEL_IN" rev="2">
<attrib name="SEL_IN" value="16"/><attrib name="SEL_IN_INV" value="0"/></item>
</group>
<group name="SLICEL_F6MUX">
<item name="S0" rev="2">
<attrib name="S0" value="4"/><attrib name="S0_INV" value="0"/></item>
</group>
<group name="SLICEM_XORF">
<item name="1" rev="2">
<attrib name="1_INV" value="0"/><attrib name="1" value="5"/></item>
</group>
<group name="SLICEM_FFX">
<item name="CE" rev="2">
<attrib name="CE" value="3"/><attrib name="CE_INV" value="0"/></item>
<item name="CK" rev="2">
<attrib name="CK" value="29"/><attrib name="CK_INV" value="0"/></item>
<item name="D" rev="2">
<attrib name="D" value="29"/><attrib name="D_INV" value="0"/></item>
<item name="FFX_INIT_ATTR" rev="2">
<attrib name="INIT0" value="27"/><attrib name="INIT1" value="2"/></item>
<item name="FFX_SR_ATTR" rev="2">
<attrib name="SRLOW" value="27"/><attrib name="SRHIGH" value="2"/></item>
<item name="LATCH_OR_FF" rev="2">
<attrib name="FF" value="29"/></item>
<item name="SR" rev="2">
<attrib name="SR" value="5"/><attrib name="SR_INV" value="0"/></item>
<item name="SYNC_ATTR" rev="2">
<attrib name="ASYNC" value="24"/><attrib name="SYNC" value="5"/></item>
</group>
<group name="SLICEM_FFY">
<item name="CK" rev="2">
<attrib name="CK" value="30"/><attrib name="CK_INV" value="0"/></item>
<item name="D" rev="2">
<attrib name="D" value="30"/><attrib name="D_INV" value="0"/></item>
<item name="FFY_INIT_ATTR" rev="2">
<attrib name="INIT0" value="26"/><attrib name="INIT1" value="4"/></item>
<item name="FFY_SR_ATTR" rev="2">
<attrib name="SRLOW" value="26"/><attrib name="SRHIGH" value="4"/></item>
<item name="LATCH_OR_FF" rev="2">
<attrib name="FF" value="30"/></item>
<item name="SR" rev="2">
<attrib name="SR" value="4"/><attrib name="SR_INV" value="0"/></item>
<item name="SYNC_ATTR" rev="2">
<attrib name="ASYNC" value="25"/><attrib name="SYNC" value="5"/></item>
</group>
<group name="IOB_PAD">
<item name="DRIVEATTRBOX" rev="2">
<attrib name="12" value="22"/></item>
<item name="IOATTRBOX" rev="2">
<attrib name="LVCMOS33" value="22"/></item>
<item name="SLEW" rev="2">
<attrib name="SLOW" value="22"/></item>
</group>
<group name="RAMB16BWE">
<item name="CLKA" rev="2">
<attrib name="CLKA_INV" value="0"/><attrib name="CLKA" value="2"/></item>
<item name="CLKB" rev="2">
<attrib name="CLKB_INV" value="0"/><attrib name="CLKB" value="2"/></item>
<item name="ENA" rev="2">
<attrib name="ENA_INV" value="0"/><attrib name="ENA" value="2"/></item>
<item name="ENB" rev="2">
<attrib name="ENB_INV" value="0"/><attrib name="ENB" value="2"/></item>
<item name="SSRA" rev="2">
<attrib name="SSRA_INV" value="0"/><attrib name="SSRA" value="2"/></item>
<item name="SSRB" rev="2">
<attrib name="SSRB_INV" value="0"/><attrib name="SSRB" value="2"/></item>
<item name="WEA0" rev="2">
<attrib name="WEA0" value="2"/><attrib name="WEA0_INV" value="0"/></item>
<item name="WEA1" rev="2">
<attrib name="WEA1" value="2"/><attrib name="WEA1_INV" value="0"/></item>
<item name="WEA2" rev="2">
<attrib name="WEA2" value="2"/><attrib name="WEA2_INV" value="0"/></item>
<item name="WEA3" rev="2">
<attrib name="WEA3_INV" value="0"/><attrib name="WEA3" value="2"/></item>
<item name="WEB0" rev="2">
<attrib name="WEB0" value="2"/><attrib name="WEB0_INV" value="0"/></item>
<item name="WEB1" rev="2">
<attrib name="WEB1" value="2"/><attrib name="WEB1_INV" value="0"/></item>
<item name="WEB2" rev="2">
<attrib name="WEB2_INV" value="0"/><attrib name="WEB2" value="2"/></item>
<item name="WEB3" rev="2">
<attrib name="WEB3" value="2"/><attrib name="WEB3_INV" value="0"/></item>
</group>
<group name="IOB">
<item name="O1" rev="2">
<attrib name="O1_INV" value="0"/><attrib name="O1" value="22"/></item>
<item name="T1" rev="2">
<attrib name="T1_INV" value="0"/><attrib name="T1" value="16"/></item>
</group>
<group name="DCM_DCM">
<item name="CLKDV_DIVIDE" rev="2">
<attrib name="2" value="1"/></item>
<item name="CLKOUT_PHASE_SHIFT" rev="2">
<attrib name="NONE" value="1"/></item>
<item name="CLK_FEEDBACK" rev="2">
<attrib name="1X" value="1"/></item>
<item name="DESKEW_ADJUST" rev="2">
<attrib name="9" value="1"/></item>
<item name="DFS_FREQUENCY_MODE" rev="2">
<attrib name="LOW" value="1"/></item>
<item name="DLL_FREQUENCY_MODE" rev="2">
<attrib name="LOW" value="1"/></item>
<item name="DUTY_CYCLE_CORRECTION" rev="2">
<attrib name="TRUE" value="1"/></item>
<item name="FACTORY_JF1" rev="2">
<attrib name="0XC0" value="1"/></item>
<item name="FACTORY_JF2" rev="2">
<attrib name="0X80" value="1"/></item>
<item name="PSCLK" rev="2">
<attrib name="PSCLK_INV" value="1"/><attrib name="PSCLK" value="0"/></item>
<item name="PSEN" rev="2">
<attrib name="PSEN_INV" value="1"/><attrib name="PSEN" value="0"/></item>
<item name="PSINCDEC" rev="2">
<attrib name="PSINCDEC_INV" value="1"/><attrib name="PSINCDEC" value="0"/></item>
<item name="RST" rev="2">
<attrib name="RST" value="1"/><attrib name="RST_INV" value="0"/></item>
</group>
<group name="BUFGMUX">
<item name="S" rev="2">
<attrib name="S_INV" value="2"/><attrib name="S" value="0"/></item>
</group>
<group name="SLICEM_F5MUX">
<item name="S0" rev="2">
<attrib name="S0" value="17"/><attrib name="S0_INV" value="0"/></item>
</group>
<group name="DCM">
<item name="PSCLK" rev="2">
<attrib name="PSCLK_INV" value="1"/><attrib name="PSCLK" value="0"/></item>
<item name="PSEN" rev="2">
<attrib name="PSEN_INV" value="1"/><attrib name="PSEN" value="0"/></item>
<item name="PSINCDEC" rev="2">
<attrib name="PSINCDEC_INV" value="1"/><attrib name="PSINCDEC" value="0"/></item>
<item name="RST" rev="2">
<attrib name="RST" value="1"/><attrib name="RST_INV" value="0"/></item>
</group>
<group name="SLICEL_F5MUX">
<item name="S0" rev="2">
<attrib name="S0" value="46"/><attrib name="S0_INV" value="0"/></item>
</group>
</ReportConfigData>
<ReportPinData TimeStamp="Wed Apr 27 09:16:24 2011"><group name="SLICEM_CYMUXF">
<item name="0" rev="2">
<attrib name="value" value="15"/></item>
<item name="1" rev="2">
<attrib name="value" value="15"/></item>
<item name="OUT" rev="2">
<attrib name="value" value="15"/></item>
<item name="S0" rev="2">
<attrib name="value" value="15"/></item>
</group>
<group name="SLICEM_CYMUXG">
<item name="0" rev="2">
<attrib name="value" value="9"/></item>
<item name="1" rev="2">
<attrib name="value" value="12"/></item>
<item name="OUT" rev="2">
<attrib name="value" value="12"/></item>
<item name="S0" rev="2">
<attrib name="value" value="12"/></item>
</group>
<group name="IBUF_PAD">
<item name="PAD" rev="2">
<attrib name="value" value="15"/></item>
</group>
<group name="IBUF_INBUF">
<item name="IN" rev="2">
<attrib name="value" value="15"/></item>
<item name="OUT" rev="2">
<attrib name="value" value="15"/></item>
</group>
<group name="SLICEM_F">
<item name="A1" rev="2">
<attrib name="value" value="57"/></item>
<item name="A2" rev="2">
<attrib name="value" value="57"/></item>
<item name="A3" rev="2">
<attrib name="value" value="57"/></item>
<item name="A4" rev="2">
<attrib name="value" value="57"/></item>
<item name="D" rev="2">
<attrib name="value" value="62"/></item>
<item name="DI" rev="2">
<attrib name="value" value="57"/></item>
<item name="WS" rev="2">
<attrib name="value" value="57"/></item>
</group>
<group name="RAMB16BWE_RAMB16BWE">
<item name="ADDRA0" rev="2">
<attrib name="value" value="2"/></item>
<item name="ADDRA1" rev="2">
<attrib name="value" value="2"/></item>
<item name="ADDRA10" rev="2">
<attrib name="value" value="2"/></item>
<item name="ADDRA11" rev="2">
<attrib name="value" value="2"/></item>
<item name="ADDRA12" rev="2">
<attrib name="value" value="2"/></item>
<item name="ADDRA13" rev="2">
<attrib name="value" value="2"/></item>
<item name="ADDRA2" rev="2">
<attrib name="value" value="2"/></item>
<item name="ADDRA3" rev="2">
<attrib name="value" value="2"/></item>
<item name="ADDRA4" rev="2">
<attrib name="value" value="2"/></item>
<item name="ADDRA5" rev="2">
<attrib name="value" value="2"/></item>
<item name="ADDRA6" rev="2">
<attrib name="value" value="2"/></item>
<item name="ADDRA7" rev="2">
<attrib name="value" value="2"/></item>
<item name="ADDRA8" rev="2">
<attrib name="value" value="2"/></item>
<item name="ADDRA9" rev="2">
<attrib name="value" value="2"/></item>
<item name="ADDRB10" rev="2">
<attrib name="value" value="2"/></item>
<item name="ADDRB11" rev="2">
<attrib name="value" value="2"/></item>
<item name="ADDRB12" rev="2">
<attrib name="value" value="2"/></item>
<item name="ADDRB13" rev="2">
<attrib name="value" value="2"/></item>
<item name="ADDRB5" rev="2">
<attrib name="value" value="2"/></item>
<item name="ADDRB6" rev="2">
<attrib name="value" value="2"/></item>
<item name="ADDRB7" rev="2">
<attrib name="value" value="2"/></item>
<item name="ADDRB8" rev="2">
<attrib name="value" value="2"/></item>
<item name="ADDRB9" rev="2">
<attrib name="value" value="2"/></item>
<item name="CLKA" rev="2">
<attrib name="value" value="2"/></item>
<item name="CLKB" rev="2">
<attrib name="value" value="2"/></item>
<item name="DIA0" rev="2">
<attrib name="value" value="2"/></item>
<item name="DIB0" rev="2">
<attrib name="value" value="2"/></item>
<item name="DIB1" rev="2">
<attrib name="value" value="2"/></item>
<item name="DIB10" rev="2">
<attrib name="value" value="2"/></item>
<item name="DIB11" rev="2">
<attrib name="value" value="2"/></item>
<item name="DIB12" rev="2">
<attrib name="value" value="2"/></item>
<item name="DIB13" rev="2">
<attrib name="value" value="2"/></item>
<item name="DIB14" rev="2">
<attrib name="value" value="2"/></item>
<item name="DIB15" rev="2">
<attrib name="value" value="2"/></item>
<item name="DIB16" rev="2">
<attrib name="value" value="2"/></item>
<item name="DIB17" rev="2">
<attrib name="value" value="2"/></item>
<item name="DIB18" rev="2">
<attrib name="value" value="2"/></item>
<item name="DIB19" rev="2">
<attrib name="value" value="2"/></item>
<item name="DIB2" rev="2">
<attrib name="value" value="2"/></item>
<item name="DIB20" rev="2">
<attrib name="value" value="2"/></item>
<item name="DIB21" rev="2">
<attrib name="value" value="2"/></item>
<item name="DIB22" rev="2">
<attrib name="value" value="2"/></item>
<item name="DIB23" rev="2">
<attrib name="value" value="2"/></item>
<item name="DIB24" rev="2">
<attrib name="value" value="2"/></item>
<item name="DIB25" rev="2">
<attrib name="value" value="2"/></item>
<item name="DIB26" rev="2">
<attrib name="value" value="2"/></item>
<item name="DIB27" rev="2">
<attrib name="value" value="2"/></item>
<item name="DIB28" rev="2">
<attrib name="value" value="2"/></item>
<item name="DIB29" rev="2">
<attrib name="value" value="2"/></item>
<item name="DIB3" rev="2">
<attrib name="value" value="2"/></item>
<item name="DIB30" rev="2">
<attrib name="value" value="2"/></item>
<item name="DIB31" rev="2">
<attrib name="value" value="2"/></item>
<item name="DIB4" rev="2">
<attrib name="value" value="2"/></item>
<item name="DIB5" rev="2">
<attrib name="value" value="2"/></item>
<item name="DIB6" rev="2">
<attrib name="value" value="2"/></item>
<item name="DIB7" rev="2">
<attrib name="value" value="2"/></item>
<item name="DIB8" rev="2">
<attrib name="value" value="2"/></item>
<item name="DIB9" rev="2">
<attrib name="value" value="2"/></item>
<item name="DIPB0" rev="2">
<attrib name="value" value="2"/></item>
<item name="DIPB1" rev="2">
<attrib name="value" value="2"/></item>
<item name="DIPB2" rev="2">
<attrib name="value" value="2"/></item>
<item name="DIPB3" rev="2">
<attrib name="value" value="2"/></item>
<item name="DOA0" rev="2">
<attrib name="value" value="2"/></item>
<item name="ENA" rev="2">
<attrib name="value" value="2"/></item>
<item name="ENB" rev="2">
<attrib name="value" value="2"/></item>
<item name="SSRA" rev="2">
<attrib name="value" value="2"/></item>
<item name="SSRB" rev="2">
<attrib name="value" value="2"/></item>
<item name="WEA0" rev="2">
<attrib name="value" value="2"/></item>
<item name="WEA1" rev="2">
<attrib name="value" value="2"/></item>
<item name="WEA2" rev="2">
<attrib name="value" value="2"/></item>
<item name="WEA3" rev="2">
<attrib name="value" value="2"/></item>
<item name="WEB0" rev="2">
<attrib name="value" value="2"/></item>
<item name="WEB1" rev="2">
<attrib name="value" value="2"/></item>
<item name="WEB2" rev="2">
<attrib name="value" value="2"/></item>
<item name="WEB3" rev="2">
<attrib name="value" value="2"/></item>
</group>
<group name="SLICEM_G">
<item name="A1" rev="2">
<attrib name="value" value="82"/></item>
<item name="A2" rev="2">
<attrib name="value" value="82"/></item>
<item name="A3" rev="2">
<attrib name="value" value="82"/></item>
<item name="A4" rev="2">
<attrib name="value" value="81"/></item>
<item name="D" rev="2">
<attrib name="value" value="76"/></item>
<item name="DI" rev="2">
<attrib name="value" value="81"/></item>
<item name="WS" rev="2">
<attrib name="value" value="81"/></item>
</group>
<group name="SLICEM_YBUSED">
<item name="0" rev="2">
<attrib name="value" value="21"/></item>
<item name="OUT" rev="2">
<attrib name="value" value="21"/></item>
</group>
<group name="SLICEL">
<item name="BX" rev="2">
<attrib name="value" value="231"/></item>
<item name="BY" rev="2">
<attrib name="value" value="230"/></item>
<item name="CE" rev="2">
<attrib name="value" value="130"/></item>
<item name="CIN" rev="2">
<attrib name="value" value="27"/></item>
<item name="CLK" rev="2">
<attrib name="value" value="293"/></item>
<item name="COUT" rev="2">
<attrib name="value" value="27"/></item>
<item name="F1" rev="2">
<attrib name="value" value="189"/></item>
<item name="F2" rev="2">
<attrib name="value" value="159"/></item>
<item name="F3" rev="2">
<attrib name="value" value="128"/></item>
<item name="F4" rev="2">
<attrib name="value" value="85"/></item>
<item name="F5" rev="2">
<attrib name="value" value="8"/></item>
<item name="FXINA" rev="2">
<attrib name="value" value="4"/></item>
<item name="FXINB" rev="2">
<attrib name="value" value="4"/></item>
<item name="G1" rev="2">
<attrib name="value" value="194"/></item>
<item name="G2" rev="2">
<attrib name="value" value="150"/></item>
<item name="G3" rev="2">
<attrib name="value" value="100"/></item>
<item name="G4" rev="2">
<attrib name="value" value="55"/></item>
<item name="SR" rev="2">
<attrib name="value" value="190"/></item>
<item name="X" rev="2">
<attrib name="value" value="122"/></item>
<item name="XB" rev="2">
<attrib name="value" value="1"/></item>
<item name="XQ" rev="2">
<attrib name="value" value="234"/></item>
<item name="Y" rev="2">
<attrib name="value" value="110"/></item>
<item name="YQ" rev="2">
<attrib name="value" value="263"/></item>
</group>
<group name="SLICEM_WSGEN">
<item name="CK" rev="2">
<attrib name="value" value="81"/></item>
<item name="WE" rev="2">
<attrib name="value" value="81"/></item>
<item name="WSF" rev="2">
<attrib name="value" value="57"/></item>
<item name="WSG" rev="2">
<attrib name="value" value="81"/></item>
</group>
<group name="SLICEM">
<item name="BX" rev="2">
<attrib name="value" value="51"/></item>
<item name="BY" rev="2">
<attrib name="value" value="78"/></item>
<item name="CE" rev="2">
<attrib name="value" value="3"/></item>
<item name="CIN" rev="2">
<attrib name="value" value="11"/></item>
<item name="CLK" rev="2">
<attrib name="value" value="91"/></item>
<item name="COUT" rev="2">
<attrib name="value" value="12"/></item>
<item name="F1" rev="2">
<attrib name="value" value="57"/></item>
<item name="F2" rev="2">
<attrib name="value" value="57"/></item>
<item name="F3" rev="2">
<attrib name="value" value="57"/></item>
<item name="F4" rev="2">
<attrib name="value" value="57"/></item>
<item name="F5" rev="2">
<attrib name="value" value="12"/></item>
<item name="FXINA" rev="2">
<attrib name="value" value="6"/></item>
<item name="FXINB" rev="2">
<attrib name="value" value="6"/></item>
<item name="G1" rev="2">
<attrib name="value" value="82"/></item>
<item name="G2" rev="2">
<attrib name="value" value="82"/></item>
<item name="G3" rev="2">
<attrib name="value" value="82"/></item>
<item name="G4" rev="2">
<attrib name="value" value="81"/></item>
<item name="SHIFTIN" rev="2">
<attrib name="value" value="13"/></item>
<item name="SHIFTOUT" rev="2">
<attrib name="value" value="13"/></item>
<item name="SR" rev="2">
<attrib name="value" value="90"/></item>
<item name="X" rev="2">
<attrib name="value" value="6"/></item>
<item name="XB" rev="2">
<attrib name="value" value="16"/></item>
<item name="XQ" rev="2">
<attrib name="value" value="29"/></item>
<item name="Y" rev="2">
<attrib name="value" value="30"/></item>
<item name="YB" rev="2">
<attrib name="value" value="21"/></item>
<item name="YQ" rev="2">
<attrib name="value" value="30"/></item>
</group>
<group name="SLICEM_GNDF">
<item name="0" rev="2">
<attrib name="value" value="15"/></item>
</group>
<group name="SLICEM_GNDG">
<item name="0" rev="2">
<attrib name="value" value="9"/></item>
</group>
<group name="IOB_OUTBUF">
<item name="IN" rev="2">
<attrib name="value" value="22"/></item>
<item name="OUT" rev="2">
<attrib name="value" value="22"/></item>
<item name="TRI" rev="2">
<attrib name="value" value="16"/></item>
</group>
<group name="SLICEL_CYMUXF">
<item name="0" rev="2">
<attrib name="value" value="32"/></item>
<item name="1" rev="2">
<attrib name="value" value="32"/></item>
<item name="OUT" rev="2">
<attrib name="value" value="32"/></item>
<item name="S0" rev="2">
<attrib name="value" value="32"/></item>
</group>
<group name="SLICEL_CYMUXG">
<item name="0" rev="2">
<attrib name="value" value="27"/></item>
<item name="1" rev="2">
<attrib name="value" value="27"/></item>
<item name="OUT" rev="2">
<attrib name="value" value="27"/></item>
<item name="S0" rev="2">
<attrib name="value" value="27"/></item>
</group>
<group name="BUFGMUX_GCLKMUX">
<item name="I0" rev="2">
<attrib name="value" value="2"/></item>
<item name="OUT" rev="2">
<attrib name="value" value="2"/></item>
<item name="S" rev="2">
<attrib name="value" value="2"/></item>
</group>
<group name="IBUF_DELAY_ADJ_BBOX">
<item name="IBUF_OUT" rev="2">
<attrib name="value" value="15"/></item>
<item name="SEL_IN" rev="2">
<attrib name="value" value="15"/></item>
</group>
<group name="BSCAN">
<item name="DRCK1" rev="2">
<attrib name="value" value="1"/></item>
<item name="SEL1" rev="2">
<attrib name="value" value="1"/></item>
<item name="SHIFT" rev="2">
<attrib name="value" value="1"/></item>
<item name="TDI" rev="2">
<attrib name="value" value="1"/></item>
<item name="TDO1" rev="2">
<attrib name="value" value="1"/></item>
<item name="TDO2" rev="2">
<attrib name="value" value="1"/></item>
<item name="UPDATE" rev="2">
<attrib name="value" value="1"/></item>
</group>
<group name="BSCAN_BSCAN_BLACKBOX">
<item name="DRCK1" rev="2">
<attrib name="value" value="1"/></item>
<item name="SEL1" rev="2">
<attrib name="value" value="1"/></item>
<item name="SHIFT" rev="2">
<attrib name="value" value="1"/></item>
<item name="TDI" rev="2">
<attrib name="value" value="1"/></item>
<item name="TDO1" rev="2">
<attrib name="value" value="1"/></item>
<item name="TDO2" rev="2">
<attrib name="value" value="1"/></item>
<item name="UPDATE" rev="2">
<attrib name="value" value="1"/></item>
</group>
<group name="SLICEL_C1VDD">
<item name="1" rev="2">
<attrib name="value" value="1"/></item>
</group>
<group name="IBUF">
<item name="I" rev="2">
<attrib name="value" value="15"/></item>
<item name="PAD" rev="2">
<attrib name="value" value="15"/></item>
</group>
<group name="IOB_INBUF">
<item name="IN" rev="2">
<attrib name="value" value="16"/></item>
<item name="OUT" rev="2">
<attrib name="value" value="16"/></item>
</group>
<group name="SLICEL_FFX">
<item name="CE" rev="2">
<attrib name="value" value="118"/></item>
<item name="CK" rev="2">
<attrib name="value" value="234"/></item>
<item name="D" rev="2">
<attrib name="value" value="234"/></item>
<item name="Q" rev="2">
<attrib name="value" value="234"/></item>
<item name="REV" rev="2">
<attrib name="value" value="6"/></item>
<item name="SR" rev="2">
<attrib name="value" value="145"/></item>
</group>
<group name="SLICEL_XORF">
<item name="0" rev="2">
<attrib name="value" value="29"/></item>
<item name="1" rev="2">
<attrib name="value" value="29"/></item>
<item name="O" rev="2">
<attrib name="value" value="29"/></item>
</group>
<group name="SLICEL_FFY">
<item name="CE" rev="2">
<attrib name="value" value="110"/></item>
<item name="CK" rev="2">
<attrib name="value" value="263"/></item>
<item name="D" rev="2">
<attrib name="value" value="263"/></item>
<item name="Q" rev="2">
<attrib name="value" value="263"/></item>
<item name="SR" rev="2">
<attrib name="value" value="162"/></item>
</group>
<group name="SLICEL_XORG">
<item name="0" rev="2">
<attrib name="value" value="27"/></item>
<item name="1" rev="2">
<attrib name="value" value="27"/></item>
<item name="O" rev="2">
<attrib name="value" value="27"/></item>
</group>
<group name="SLICEM_F6MUX">
<item name="0" rev="2">
<attrib name="value" value="6"/></item>
<item name="1" rev="2">
<attrib name="value" value="6"/></item>
<item name="OUT" rev="2">
<attrib name="value" value="6"/></item>
<item name="S0" rev="2">
<attrib name="value" value="6"/></item>
</group>
<group name="IOB_DELAY_ADJ_BBOX">
<item name="IBUF_OUT" rev="2">
<attrib name="value" value="16"/></item>
<item name="SEL_IN" rev="2">
<attrib name="value" value="16"/></item>
</group>
<group name="SLICEM_VDDG">
<item name="1" rev="2">
<attrib name="value" value="3"/></item>
</group>
<group name="SLICEL_F6MUX">
<item name="0" rev="2">
<attrib name="value" value="4"/></item>
<item name="1" rev="2">
<attrib name="value" value="4"/></item>
<item name="OUT" rev="2">
<attrib name="value" value="4"/></item>
<item name="S0" rev="2">
<attrib name="value" value="4"/></item>
</group>
<group name="SLICEM_GMC15_BLACKBOX">
<item name="MC15" rev="2">
<attrib name="value" value="53"/></item>
<item name="WS2" rev="2">
<attrib name="value" value="53"/></item>
</group>
<group name="SLICEM_XORF">
<item name="0" rev="2">
<attrib name="value" value="5"/></item>
<item name="1" rev="2">
<attrib name="value" value="5"/></item>
<item name="O" rev="2">
<attrib name="value" value="5"/></item>
</group>
<group name="SLICEM_FFX">
<item name="CE" rev="2">
<attrib name="value" value="3"/></item>
<item name="CK" rev="2">
<attrib name="value" value="29"/></item>
<item name="D" rev="2">
<attrib name="value" value="29"/></item>
<item name="Q" rev="2">
<attrib name="value" value="29"/></item>
<item name="SR" rev="2">
<attrib name="value" value="5"/></item>
</group>
<group name="SLICEM_FFY">
<item name="CK" rev="2">
<attrib name="value" value="30"/></item>
<item name="D" rev="2">
<attrib name="value" value="30"/></item>
<item name="Q" rev="2">
<attrib name="value" value="30"/></item>
<item name="SR" rev="2">
<attrib name="value" value="4"/></item>
</group>
<group name="IOB_PAD">
<item name="PAD" rev="2">
<attrib name="value" value="22"/></item>
</group>
<group name="RAMB16BWE">
<item name="ADDRA0" rev="2">
<attrib name="value" value="2"/></item>
<item name="ADDRA1" rev="2">
<attrib name="value" value="2"/></item>
<item name="ADDRA10" rev="2">
<attrib name="value" value="2"/></item>
<item name="ADDRA11" rev="2">
<attrib name="value" value="2"/></item>
<item name="ADDRA12" rev="2">
<attrib name="value" value="2"/></item>
<item name="ADDRA13" rev="2">
<attrib name="value" value="2"/></item>
<item name="ADDRA2" rev="2">
<attrib name="value" value="2"/></item>
<item name="ADDRA3" rev="2">
<attrib name="value" value="2"/></item>
<item name="ADDRA4" rev="2">
<attrib name="value" value="2"/></item>
<item name="ADDRA5" rev="2">
<attrib name="value" value="2"/></item>
<item name="ADDRA6" rev="2">
<attrib name="value" value="2"/></item>
<item name="ADDRA7" rev="2">
<attrib name="value" value="2"/></item>
<item name="ADDRA8" rev="2">
<attrib name="value" value="2"/></item>
<item name="ADDRA9" rev="2">
<attrib name="value" value="2"/></item>
<item name="ADDRB10" rev="2">
<attrib name="value" value="2"/></item>
<item name="ADDRB11" rev="2">
<attrib name="value" value="2"/></item>
<item name="ADDRB12" rev="2">
<attrib name="value" value="2"/></item>
<item name="ADDRB13" rev="2">
<attrib name="value" value="2"/></item>
<item name="ADDRB5" rev="2">
<attrib name="value" value="2"/></item>
<item name="ADDRB6" rev="2">
<attrib name="value" value="2"/></item>
<item name="ADDRB7" rev="2">
<attrib name="value" value="2"/></item>
<item name="ADDRB8" rev="2">
<attrib name="value" value="2"/></item>
<item name="ADDRB9" rev="2">
<attrib name="value" value="2"/></item>
<item name="CLKA" rev="2">
<attrib name="value" value="2"/></item>
<item name="CLKB" rev="2">
<attrib name="value" value="2"/></item>
<item name="DIA0" rev="2">
<attrib name="value" value="2"/></item>
<item name="DIB0" rev="2">
<attrib name="value" value="2"/></item>
<item name="DIB1" rev="2">
<attrib name="value" value="2"/></item>
<item name="DIB10" rev="2">
<attrib name="value" value="2"/></item>
<item name="DIB11" rev="2">
<attrib name="value" value="2"/></item>
<item name="DIB12" rev="2">
<attrib name="value" value="2"/></item>
<item name="DIB13" rev="2">
<attrib name="value" value="2"/></item>
<item name="DIB14" rev="2">
<attrib name="value" value="2"/></item>
<item name="DIB15" rev="2">
<attrib name="value" value="2"/></item>
<item name="DIB16" rev="2">
<attrib name="value" value="2"/></item>
<item name="DIB17" rev="2">
<attrib name="value" value="2"/></item>
<item name="DIB18" rev="2">
<attrib name="value" value="2"/></item>
<item name="DIB19" rev="2">
<attrib name="value" value="2"/></item>
<item name="DIB2" rev="2">
<attrib name="value" value="2"/></item>
<item name="DIB20" rev="2">
<attrib name="value" value="2"/></item>
<item name="DIB21" rev="2">
<attrib name="value" value="2"/></item>
<item name="DIB22" rev="2">
<attrib name="value" value="2"/></item>
<item name="DIB23" rev="2">
<attrib name="value" value="2"/></item>
<item name="DIB24" rev="2">
<attrib name="value" value="2"/></item>
<item name="DIB25" rev="2">
<attrib name="value" value="2"/></item>
<item name="DIB26" rev="2">
<attrib name="value" value="2"/></item>
<item name="DIB27" rev="2">
<attrib name="value" value="2"/></item>
<item name="DIB28" rev="2">
<attrib name="value" value="2"/></item>
<item name="DIB29" rev="2">
<attrib name="value" value="2"/></item>
<item name="DIB3" rev="2">
<attrib name="value" value="2"/></item>
<item name="DIB30" rev="2">
<attrib name="value" value="2"/></item>
<item name="DIB31" rev="2">
<attrib name="value" value="2"/></item>
<item name="DIB4" rev="2">
<attrib name="value" value="2"/></item>
<item name="DIB5" rev="2">
<attrib name="value" value="2"/></item>
<item name="DIB6" rev="2">
<attrib name="value" value="2"/></item>
<item name="DIB7" rev="2">
<attrib name="value" value="2"/></item>
<item name="DIB8" rev="2">
<attrib name="value" value="2"/></item>
<item name="DIB9" rev="2">
<attrib name="value" value="2"/></item>
<item name="DIPB0" rev="2">
<attrib name="value" value="2"/></item>
<item name="DIPB1" rev="2">
<attrib name="value" value="2"/></item>
<item name="DIPB2" rev="2">
<attrib name="value" value="2"/></item>
<item name="DIPB3" rev="2">
<attrib name="value" value="2"/></item>
<item name="DOA0" rev="2">
<attrib name="value" value="2"/></item>
<item name="ENA" rev="2">
<attrib name="value" value="2"/></item>
<item name="ENB" rev="2">
<attrib name="value" value="2"/></item>
<item name="SSRA" rev="2">
<attrib name="value" value="2"/></item>
<item name="SSRB" rev="2">
<attrib name="value" value="2"/></item>
<item name="WEA0" rev="2">
<attrib name="value" value="2"/></item>
<item name="WEA1" rev="2">
<attrib name="value" value="2"/></item>
<item name="WEA2" rev="2">
<attrib name="value" value="2"/></item>
<item name="WEA3" rev="2">
<attrib name="value" value="2"/></item>
<item name="WEB0" rev="2">
<attrib name="value" value="2"/></item>
<item name="WEB1" rev="2">
<attrib name="value" value="2"/></item>
<item name="WEB2" rev="2">
<attrib name="value" value="2"/></item>
<item name="WEB3" rev="2">
<attrib name="value" value="2"/></item>
</group>
<group name="IOB">
<item name="I" rev="2">
<attrib name="value" value="16"/></item>
<item name="O1" rev="2">
<attrib name="value" value="22"/></item>
<item name="PAD" rev="2">
<attrib name="value" value="22"/></item>
<item name="T1" rev="2">
<attrib name="value" value="16"/></item>
</group>
<group name="DCM_DCM">
<item name="CLK0" rev="2">
<attrib name="value" value="1"/></item>
<item name="CLKFB" rev="2">
<attrib name="value" value="1"/></item>
<item name="CLKFX" rev="2">
<attrib name="value" value="1"/></item>
<item name="CLKIN" rev="2">
<attrib name="value" value="1"/></item>
<item name="LOCKED" rev="2">
<attrib name="value" value="1"/></item>
<item name="PSCLK" rev="2">
<attrib name="value" value="1"/></item>
<item name="PSEN" rev="2">
<attrib name="value" value="1"/></item>
<item name="PSINCDEC" rev="2">
<attrib name="value" value="1"/></item>
<item name="RST" rev="2">
<attrib name="value" value="1"/></item>
<item name="STATUS2" rev="2">
<attrib name="value" value="1"/></item>
</group>
<group name="BUFGMUX">
<item name="I0" rev="2">
<attrib name="value" value="2"/></item>
<item name="O" rev="2">
<attrib name="value" value="2"/></item>
<item name="S" rev="2">
<attrib name="value" value="2"/></item>
</group>
<group name="SLICEM_F5MUX">
<item name="F" rev="2">
<attrib name="value" value="17"/></item>
<item name="G" rev="2">
<attrib name="value" value="17"/></item>
<item name="OUT" rev="2">
<attrib name="value" value="17"/></item>
<item name="S0" rev="2">
<attrib name="value" value="17"/></item>
</group>
<group name="DCM">
<item name="CLK0" rev="2">
<attrib name="value" value="1"/></item>
<item name="CLKFB" rev="2">
<attrib name="value" value="1"/></item>
<item name="CLKFX" rev="2">
<attrib name="value" value="1"/></item>
<item name="CLKIN" rev="2">
<attrib name="value" value="1"/></item>
<item name="LOCKED" rev="2">
<attrib name="value" value="1"/></item>
<item name="PSCLK" rev="2">
<attrib name="value" value="1"/></item>
<item name="PSEN" rev="2">
<attrib name="value" value="1"/></item>
<item name="PSINCDEC" rev="2">
<attrib name="value" value="1"/></item>
<item name="RST" rev="2">
<attrib name="value" value="1"/></item>
<item name="STATUS2" rev="2">
<attrib name="value" value="1"/></item>
</group>
<group name="BUFGMUX_GCLK_BUFFER">
<item name="IN" rev="2">
<attrib name="value" value="2"/></item>
<item name="OUT" rev="2">
<attrib name="value" value="2"/></item>
</group>
<group name="SLICEM_FMC15_BLACKBOX">
<item name="MC15" rev="2">
<attrib name="value" value="26"/></item>
<item name="WS2" rev="2">
<attrib name="value" value="26"/></item>
</group>
<group name="SLICEL_F">
<item name="A1" rev="2">
<attrib name="value" value="189"/></item>
<item name="A2" rev="2">
<attrib name="value" value="159"/></item>
<item name="A3" rev="2">
<attrib name="value" value="128"/></item>
<item name="A4" rev="2">
<attrib name="value" value="85"/></item>
<item name="D" rev="2">
<attrib name="value" value="189"/></item>
</group>
<group name="SLICEL_F5MUX">
<item name="F" rev="2">
<attrib name="value" value="46"/></item>
<item name="G" rev="2">
<attrib name="value" value="46"/></item>
<item name="OUT" rev="2">
<attrib name="value" value="46"/></item>
<item name="S0" rev="2">
<attrib name="value" value="46"/></item>
</group>
<group name="SLICEL_G">
<item name="A1" rev="2">
<attrib name="value" value="194"/></item>
<item name="A2" rev="2">
<attrib name="value" value="150"/></item>
<item name="A3" rev="2">
<attrib name="value" value="100"/></item>
<item name="A4" rev="2">
<attrib name="value" value="55"/></item>
<item name="D" rev="2">
<attrib name="value" value="194"/></item>
</group>
<group name="SLICEL_GNDF">
<item name="0" rev="2">
<attrib name="value" value="31"/></item>
</group>
<group name="SLICEL_GNDG">
<item name="0" rev="2">
<attrib name="value" value="27"/></item>
</group>
</ReportPinData>
<CmdHistory>
</CmdHistory>
</DeviceUsageSummary>
